<?xml version='1.0' encoding='utf-8'?><ResultsSession buildId="automobile_nextpf-padaspoc-adsensorif-2023-02-07" date="02/07/23 01:52:09" machine="sandbox2-runner1" project="automobile_nextpf-padaspoc-adsensorif" tag="Load Test Results (Files)" time="2023-02-07T01:52:09+00:00" toolName="C++test" toolVer="2021.2.1.20211217B1622" user="root">
   <TestConfig machine="sandbox2-runner1" name="Load Test Results (Files)" pseudoUrl="c++test.file:/home/master/actions-runner/_work/nextpf-padaspoc-adsensorif/nextpf-padaspoc-adsensorif/apps/ADsensorIF/provider/test/UT_Test/configs/Load_Test_Results_Files.properties" user="root"/>
   <Authors/>
   <VersionInfos>
      <StorageInfo ownerId="com.parasoft.xtest.checkers.api.execution" resultId="IExecutionViolation" ver="2"/>
      <StorageInfo ownerId="com.parasoft.xtest.checkers.api.execution" resultId="InsureViolation" ver="3"/>
      <StorageInfo ownerId="com.parasoft.xtest.checkers.api.scope" resultId="IScopeProjectInfo" ver="3"/>
      <StorageInfo ownerId="com.parasoft.xtest.checkers.api.standards" resultId="IMetricsViolation" ver="2"/>
      <StorageInfo ownerId="com.parasoft.xtest.checkers.api.standards" resultId="IDupCodeViolation" ver="2"/>
      <StorageInfo ownerId="com.parasoft.xtest.checkers.api.standards" resultId="IMetricEstimationInfo" ver="2"/>
      <StorageInfo ownerId="com.parasoft.xtest.checkers.api.standards" resultId="IFlowAnalysisViolation" ver="2"/>
      <StorageInfo ownerId="com.parasoft.xtest.checkers.api.standards" resultId="ICodingStandardsViolation" ver="2"/>
      <StorageInfo ownerId="com.parasoft.xtest.checkers.api.generation" resultId="IGenerationInfo" ver="2"/>
      <StorageInfo ownerId="com.parasoft.xtest.checkers.api.generation" resultId="IGenerationProjectInfo" ver="2"/>
   </VersionInfos>
   
   
   <Scope>
      <ProjectInformations>
         <ScopeProjectInfo fltFiles="7" fltLns="2050" project="/cpptest_SensorProvider" totFiles="7" totLns="2050"/>
      </ProjectInformations>
   </Scope>
   <Exec ownerId="com.parasoft.xtest.checkers.api.execution" time="0:00:09">
      <Goals>
         <Goal mode="1" name="Unit Test Problems" type="0"/>
         <Goal mode="1" name="Unit Test Outcomes" type="3"/>
         <Goal mode="1" name="Runtime Error Detection Violations" type="5"/>
      </Goals>
      
  <ExecViols/>

      
      <Categories>
         <Category desc="" id="5" label="Fix Runtime Error Detection Violations" label0="Fix Runtime Error Detection" label1="Violations" name="Runtime Error Detection Violations">
            <SubCategory id="9" name="Runtime Violations" short="runtime violation"/>
            <SubCategory id="17" name="Memory" short="Memory"/>
         </Category>
         <Category desc="This represents the tasks arising from tests that have already been reviewed. This includes exceptions that have been marked as expected, assertion failures from previously reviewed tests, and any other kind of unexpected behavior that needs to be looked at (such as timeouts)." id="0" label="Fix Unit Test Problems" label0="Fix Unit Test" label1="Problems" name="Unit Test Problems">
            <SubCategory id="0" name="Runtime Exceptions" short="exception"/>
            <SubCategory id="1" name="Assertion Failures" short="failure"/>
            <SubCategory id="14" name="Execution Problems" short="execution problem"/>
            <SubCategory id="15" name="Test Problems" short="test problem"/>
         </Category>
         <Category desc="These are outcomes from automatically generated tests that did not result in exceptions or assertion failures. The user just has to review and ensure that the outcome is appropriate (and convert them to assertions if they are not already represented as assertions)." id="3" label="Review Unit Test Outcomes" label0="Review Unit Test" label1="Outcomes" name="Unit Test Outcomes">
            <SubCategory id="6" name="Unverified Outcomes" short="unverified outcome"/>
         </Category>
      </Categories>
      <Summary>
         <Total>
            <CategoryErrors authCount="" authUrgCount="" cat="5" count="0">
               <SubCategoryErrors authCount="" authUrgCount="" count="0" subCat="9"/>
               <SubCategoryErrors authCount="" authUrgCount="" count="0" subCat="17"/>
            </CategoryErrors>
            <CategoryErrors authCount="" authUrgCount="" cat="0" count="0">
               <SubCategoryErrors authCount="" authUrgCount="" count="0" subCat="0"/>
               <SubCategoryErrors authCount="" authUrgCount="" count="0" subCat="1"/>
               <SubCategoryErrors authCount="" authUrgCount="" count="0" subCat="14"/>
               <SubCategoryErrors authCount="" authUrgCount="" count="0" subCat="15"/>
            </CategoryErrors>
            <CategoryErrors authCount="" authUrgCount="" cat="3" count="0">
               <SubCategoryErrors authCount="" authUrgCount="" count="0" subCat="6"/>
            </CategoryErrors>
         </Total>
         <Projects>
            <Project changed="0" fail="0" name="cpptest_SensorProvider" pass="54" testCases="54">
               <ProjectErrors cat="5" count="0"/>
               <ProjectErrors cat="0" count="0"/>
               <ProjectErrors cat="3" count="0"/>
            </Project>
         </Projects>
      </Summary>
      <Coverage>
         <Types>
            <CvgType cvgDecor="marker" dispCvg="executable lines" dispId="LC" dispName="Line Coverage" dispNoCvg="no executable lines" id="LC"/>
            <CvgType cvgDecor="marker" dispCvg="statements" dispId="SC" dispName="Statement Coverage" dispNoCvg="no statements" id="SC"/>
            <CvgType cvgDecor="marker" dispCvg="blocks" dispId="BC" dispName="Block Coverage" dispNoCvg="no blocks" id="BC"/>
            <CvgType cvgDecor="marker" dispCvg="functions" dispId="FC" dispName="Function Coverage" dispNoCvg="no functions" id="FC"/>
            <CvgType cvgDecor="marker" dispCvg="paths" dispId="PC" dispName="Path Coverage" dispNoCvg="no paths" id="PC"/>
            <CvgType cvgDecor="marker" dispCvg="decisions" dispId="DC" dispName="Decision Coverage" dispNoCvg="no decisions" id="DC"/>
            <CvgType cvgDecor="marker" dispCvg="condition outcomes" dispId="SCC" dispName="Simple Condition Coverage" dispNoCvg="no condition outcomes" id="SCC"/>
            <CvgType cvgDecor="marker" dispCvg="conditions" dispId="MCDC" dispName="Modified Condition/Decision Coverage" dispNoCvg="no conditions" id="MCDC"/>
            <CvgType cvgDecor="marker" dispCvg="calls" dispId="CC" dispName="Call Coverage" dispNoCvg="no calls" id="CC"/>
         </Types>
         <CvgStats>
            <CvgInfo elem="Total" exp="1" num="59;60;31;15;24;18;18;9;38" total="59;60;31;15;24;18;18;9;38" val="100;100;100;100;100;100;100;100;100">
               <CvgInfo elem="cpptest_SensorProvider" exp="1" num="59;60;31;15;24;18;18;9;38" total="59;60;31;15;24;18;18;9;38" val="100;100;100;100;100;100;100;100;100">
                  <CvgInfo elem="src" exp="1" num="59;60;31;15;24;18;18;9;38" total="59;60;31;15;24;18;18;9;38" val="100;100;100;100;100;100;100;100;100">
                     <CvgInfo elem="adaptive_app.cpp" loc="/cpptest_SensorProvider/src/adaptive_app.cpp" num="40;41;23;10;18;16;16;8;24" total="40;41;23;10;18;16;16;8;24" val="100;100;100;100;100;100;100;100;100">
                        <CvgInfo elem="AdaptiveApplication::CloseSelfPipe()" num="2;2;1;1;1;N/A;N/A;N/A;2" total="2;2;1;1;1;N/A;N/A;N/A;2" val="100;100;100;100;100;N/A;N/A;N/A;100"/>
                        <CvgInfo elem="AdaptiveApplication::Execute()" num="6;6;3;1;2;2;2;1;4" total="6;6;3;1;2;2;2;1;4" val="100;100;100;100;100;100;100;100;100"/>
                        <CvgInfo elem="AdaptiveApplication::Initialize()" num="14;14;7;1;4;6;6;3;7" total="14;14;7;1;4;6;6;3;7" val="100;100;100;100;100;100;100;100;100"/>
                        <CvgInfo elem="AdaptiveApplication::OnInitialize()" num="1;1;1;1;1;N/A;N/A;N/A;N/A" total="1;1;1;1;1;N/A;N/A;N/A;N/A" val="100;100;100;100;100;N/A;N/A;N/A;N/A"/>
                        <CvgInfo elem="AdaptiveApplication::OnTerminate()" num="1;1;1;1;1;N/A;N/A;N/A;N/A" total="1;1;1;1;1;N/A;N/A;N/A;N/A" val="100;100;100;100;100;N/A;N/A;N/A;N/A"/>
                        <CvgInfo elem="AdaptiveApplication::ReportRunningState()" num="2;2;1;1;1;N/A;N/A;N/A;1" total="2;2;1;1;1;N/A;N/A;N/A;1" val="100;100;100;100;100;N/A;N/A;N/A;100"/>
                        <CvgInfo elem="AdaptiveApplication::ReportTerminatingState()" num="2;2;1;1;1;N/A;N/A;N/A;1" total="2;2;1;1;1;N/A;N/A;N/A;1" val="100;100;100;100;100;N/A;N/A;N/A;100"/>
                        <CvgInfo elem="AdaptiveApplication::SigTermHandler(int)" num="3;4;3;1;3;4;4;2;2" total="3;4;3;1;3;4;4;2;2" val="100;100;100;100;100;100;100;100;100"/>
                        <CvgInfo elem="AdaptiveApplication::Terminate()" num="3;3;1;1;1;N/A;N/A;N/A;3" total="3;3;1;1;1;N/A;N/A;N/A;3" val="100;100;100;100;100;N/A;N/A;N/A;100"/>
                        <CvgInfo elem="AdaptiveApplication::WaitUntilTermination()" num="6;6;4;1;3;4;4;2;4" total="6;6;4;1;3;4;4;2;4" val="100;100;100;100;100;100;100;100;100"/>
                     </CvgInfo>
                     <CvgInfo elem="initialization.cpp" loc="/cpptest_SensorProvider/src/initialization.cpp" num="12;12;7;4;5;2;2;1;9" total="12;12;7;4;5;2;2;1;9" val="100;100;100;100;100;100;100;100;100">
                        <CvgInfo elem="ProviderApplication::OnInitialize()" num="9;9;4;1;2;2;2;1;7" total="9;9;4;1;2;2;2;1;7" val="100;100;100;100;100;100;100;100;100"/>
                        <CvgInfo elem="ProviderApplication::OnTerminate()" num="1;1;1;1;1;N/A;N/A;N/A;1" total="1;1;1;1;1;N/A;N/A;N/A;1" val="100;100;100;100;100;N/A;N/A;N/A;100"/>
                        <CvgInfo elem="ProviderApplication::ProviderApplication()" num="1;1;1;1;1;N/A;N/A;N/A;N/A" total="1;1;1;1;1;N/A;N/A;N/A;N/A" val="100;100;100;100;100;N/A;N/A;N/A;N/A"/>
                        <CvgInfo elem="ProviderApplication::Run()" num="1;1;1;1;1;N/A;N/A;N/A;1" total="1;1;1;1;1;N/A;N/A;N/A;1" val="100;100;100;100;100;N/A;N/A;N/A;100"/>
                     </CvgInfo>
                     <CvgInfo elem="main.cpp" loc="/cpptest_SensorProvider/src/main.cpp" num="7;7;1;1;1;N/A;N/A;N/A;5" total="7;7;1;1;1;N/A;N/A;N/A;5" val="100;100;100;100;100;N/A;N/A;N/A;100">
                        <CvgInfo elem="main" num="7;7;1;1;1;N/A;N/A;N/A;5" total="7;7;1;1;1;N/A;N/A;N/A;5" val="100;100;100;100;100;N/A;N/A;N/A;100"/>
                     </CvgInfo>
                  </CvgInfo>
               </CvgInfo>
            </CvgInfo>
         </CvgStats>
         
         
      <Files>
         <File loc="/cpptest_SensorProvider/src/main.cpp">
            <Content>/**&#xd;
 *&#xd;
 *  @copyright  (C) KPIT Technologies Limited&#xd;
 *              Created in 2018 as an unpublished copyright work.&#xd;
 *               All rights reserved.&#xd;
 *              KPIT Technologies Limited owns all the rights to this work.This&#xd;
 *              work shall not be copied, reproduced, used, modified or its information&#xd;
 *              disclosed without the prior written authorization of KPIT Technologies&#xd;
 *              Limited.&#xd;
 *   @file      main.cpp&#xd;
 *   @brief     This file contains the class implementation&#xd;
 *   @details&#xd;
 *   @version   Revision 1.0&#xd;
 *   @date&#xd;
 *   @bug --&#xd;
 *   @warning --&#xd;
*/&#xd;
&#xd;
#include "ara/log/logging.h"&#xd;
#include &lt;ara/log/logmanager.h>&#xd;
#include &lt;exception>&#xd;
#include &lt;cstdlib>&#xd;
#include &lt;thread>&#xd;
#include &lt;ara/exec/execution_client.h>&#xd;
#include "initialization.h"&#xd;
&#xd;
int main()&#xd;
{&#xd;
	ara::exec::ExecutionClient exec_client;&#xd;
	exec_client.ReportExecutionState(ara::exec::ExecutionState::kRunning);&#xd;
&#xd;
	ara::log::InitLogging("ADI_Provider",&#xd;
			"ADI_Provider_custom interface",&#xd;
			ara::log::LogLevel::kVerbose,&#xd;
			ara::log::LogMode::kConsole | ara::log::LogMode::kRemote);&#xd;
&#xd;
	ara::log::Logger&amp; logger = ara::log::LogManager::defaultLogContext();&#xd;
&#xd;
	logger.LogInfo() &lt;&lt;  "ADI Signal Provider application ";&#xd;
&#xd;
	ProviderApplication application;&#xd;
	return application.Execute();&#xd;
}&#xd;
</Content>
            <CvgData cvgType="SC">
               <Stat val="0;3;0;3;0;3;0;3;0;3;0;3;0;3;0"/>
               <Off val="0;839;878;881;951;956;1127;1132;1201;1206;1261;1267;1299;1302;1331"/>
            </CvgData>
         </File>
         <File loc="/cpptest_SensorProvider/src/adaptive_app.cpp">
            <Content>/**
 *
 *  @copyright  (C) KPIT Technologies Limited
 *              Created in 2018 as an unpublished copyright work.
 *               All rights reserved.
 *              KPIT Technologies Limited owns all the rights to this work.This
 *              work shall not be copied, reproduced, used, modified or its information
 *              disclosed without the prior written authorization of KPIT Technologies
 *              Limited.
 *   @file      adaptive_app.cpp
 *   @brief     This file contains the class implementation
 *   @details
 *   @version   Revision 1.0
 *   @date
 *   @bug --
 *   @warning --
*/

#include &lt;unistd.h>
#include &lt;csignal>
#include &lt;cstdint>
#include &lt;atomic>
#include &lt;ara/log/logging.h>
#include &lt;ara/exec/execution_client.h>
#include "../inc/adaptive_app.h"


int AdaptiveApplication::selfpipe[2] = {0, 0};

std::atomic_bool AdaptiveApplication::exit_requested_(false);

void AdaptiveApplication::SigTermHandler(const int sig)
{
    if (sig == SIGTERM) {
    	exit_requested_.store(true);
    	if (-1 == write(selfpipe[PipeWritingEnd], "\0", 1)) {
    	}
    }
}

bool AdaptiveApplication::OnInitialize()
{
    return true;
}

void AdaptiveApplication::OnTerminate()
{}

void AdaptiveApplication::WaitUntilTermination()
{
    while (!exit_requested_.load()) {
        int buffer;
        // Blocking read on selfpipe_
        ssize_t bytesRead(read(selfpipe[PipeReadingEnd], &amp;buffer, sizeof(int)));
        if (bytesRead > 0) {
        	// selfpipe_ is only used to signal an exit request.
        	exit_requested_.store(true);
        } else {
        	 log_.LogError() &lt;&lt; "Execution stopped. Unable to read";
        }
    }
}

void AdaptiveApplication::ReportRunningState()
{
    ara::exec::ExecutionClient exec_client;
    exec_client.ReportExecutionState(ara::exec::ExecutionState::kRunning);
}

int AdaptiveApplication::Execute()
{
    if (Initialize()) {
        Run();
        Terminate();
        return EXIT_SUCCESS;
    }
	Terminate();
    return EXIT_FAILURE;
}

bool AdaptiveApplication::Initialize()
{
    if (!OnInitialize())
        return false;
    // Creating a pipe
    if (pipe(selfpipe) == -1) {
        // Could not create a pipe for performing a classic self pipe trick
        log_.LogError() &lt;&lt; "Execution stopped. Unable to create a pipe";
        return false;
    }
    struct sigaction sa;
    sa.sa_handler = SigTermHandler;
    sa.sa_flags = 0;
    sigemptyset(&amp;sa.sa_mask);
    // register signal handler
    if (sigaction(SIGTERM, &amp;sa, NULL) == -1) {
        // Could not register a SIGTERM signal handler
        log_.LogError() &lt;&lt; "Execution stopped. Unable to register signal handler";
        CloseSelfPipe();
        return false;
    }
    return true;
}

void AdaptiveApplication::ReportTerminatingState()
{
    ara::exec::ExecutionClient exec_client;
    exec_client.ReportExecutionState(ara::exec::ExecutionState::kTerminating);
}

void AdaptiveApplication::Terminate()
{
    ReportTerminatingState();
    OnTerminate();
    CloseSelfPipe();
}

void AdaptiveApplication::CloseSelfPipe()
{
    close(selfpipe[PipeReadingEnd]);
    close(selfpipe[PipeWritingEnd]);
}

</Content>
            <CvgData cvgType="SC">
               <Stat val="0;3;0;3;0;3;0;3;0;3;0;3;0;3;0;3;0;3;0;3;0;3;0;3;0;3;0;3;0;3;0;3;0;3;0;3;0;3;0;3;0;3;0;3;0;3;0;3;0;3;0;3;0;3;0;3;0;3;0;3;0;3;0;3;0;3;0;3;0;3;0;3;0;3;0;3;0;3;0;3;0;3;0"/>
               <Off val="0;974;982;997;1025;1035;1081;1083;1091;1148;1160;1204;1206;1270;1293;1305;1316;1363;1435;1448;1461;1536;1564;1592;1647;1720;1759;1764;1834;1883;1895;1907;1913;1922;1934;1943;1962;1971;1983;1988;2007;2061;2076;2086;2099;2131;2151;2239;2303;2312;2325;2336;2356;2361;2391;2397;2413;2418;2443;2483;2517;2585;2659;2668;2684;2693;2706;2717;2729;2790;2829;2834;2908;2956;2981;2986;3000;3005;3021;3073;3105;3110;3142"/>
            </CvgData>
         </File>
         <File loc="/cpptest_SensorProvider/src/initialization.cpp">
            <Content>/**&#xd;
 *&#xd;
 *  @copyright  (C) KPIT Technologies Limited&#xd;
 *              Created in 2018 as an unpublished copyright work.&#xd;
 *               All rights reserved.&#xd;
 *              KPIT Technologies Limited owns all the rights to this work.This&#xd;
 *              work shall not be copied, reproduced, used, modified or its information&#xd;
 *              disclosed without the prior written authorization of KPIT Technologies&#xd;
 *              Limited.&#xd;
 *   @file      initialization.cpp&#xd;
 *   @brief     This file contains the class implementation&#xd;
 *   @details&#xd;
 *   @version   Revision 1.0&#xd;
 *   @date&#xd;
 *   @bug --&#xd;
 *   @warning --&#xd;
*/&#xd;
&#xd;
#include &lt;string>&#xd;
#include &lt;iostream>&#xd;
#include &lt;cstdint>&#xd;
#include "initialization.h"&#xd;
&#xd;
ProviderApplication::ProviderApplication()&#xd;
:log_(ara::log::CreateLogger("SGH", "Provider signal handler", ara::log::LogLevel::kInfo))&#xd;
{}&#xd;
&#xd;
bool ProviderApplication::OnInitialize()&#xd;
{&#xd;
	// Initialize sensor service interface&#xd;
	ara::core::InstanceSpecifier sensorPortSpecifier{"ksar/adaptive/applications/SensorAdaptiveSwComp/sensor_p_port"};&#xd;
	auto sensorInstanceIDs = ara::com::runtime::ResolveInstanceIDs(sensorPortSpecifier);&#xd;
	if (sensorInstanceIDs.empty()) {&#xd;
		log_.LogError() &lt;&lt; "Execution stopped. Sensor Instance IDs not available";&#xd;
		return false;&#xd;
		//throw std::runtime_error{"No InstanceIdentifiers resolved from provided InstanceSpecifier"};&#xd;
	}&#xd;
	else{&#xd;
    sensor = std::make_shared&lt;ara::SensorProvider>(ara::com::InstanceIdentifier(sensorInstanceIDs[0]));&#xd;
	sensor->OfferService();&#xd;
	log_.LogInfo() &lt;&lt; "Sensor Service Instance offered:" &lt;&lt; sensorInstanceIDs[0].ToString();&#xd;
	}&#xd;
    return true;&#xd;
}&#xd;
&#xd;
void ProviderApplication::Run()&#xd;
{&#xd;
	//wait till the signal for termination&#xd;
    WaitUntilTermination();&#xd;
}&#xd;
&#xd;
void ProviderApplication::OnTerminate()&#xd;
{&#xd;
	//stop sensor service&#xd;
	sensor->StopOfferService();&#xd;
}&#xd;
</Content>
            <CvgData cvgType="SC">
               <Stat val="0;3;0;3;0;3;0;3;0;3;0;3;0;3;0;3;0;3;0;3;0;3;0;3;0"/>
               <Off val="0;865;867;958;1072;1075;1159;1166;1191;1198;1272;1276;1289;1405;1504;1507;1530;1533;1621;1631;1643;1731;1754;1830;1857"/>
            </CvgData>
         </File>
      </Files>
   
      </Coverage>
   </Exec>
   <AssocUrls/>
</ResultsSession>